"","country","Barley","Beans","Canola","Corn","Flax","Lentils","Oats","Peas","Soybeans","Wheat"
"1","46",92.3975166483245,141.721649576574,125.934605342551,171.558193248268,122.118080626102,0,90.727162239249,119.67724186455,161.816912085819,99.6915844483859
"2","47",143.792114683153,144.573593210582,172.063693070622,210.501285555556,186.814324747205,45.037168988987,134.405645273224,163.806296964479,190.860102764444,163.12849766559
"3","48",122.265557763223,146.166171845058,151.378477736003,131.743412559671,181.160413684227,40.9558385826038,99.2251498468433,133.609051017926,241.777777777778,146.176371803226
